"id","eventflag_id","map_efid","pos_x","pos_y","pos_z","map_text_id","npc_text_id","tag","dlc","name_zhocn","name_jpnjp","name_engus","mapname_zhocn","mapname_jpnjp","mapname_engus"
0,0,"00_00_00",0.0,0.0,0.0,,,,,,,,,,
1,0,"00_00_00",0.0,0.0,0.0,,,,,,,,,,
9999991,0,"00_00_00",0.0,0.0,0.0,,,,,,,,,,
9999992,0,"00_00_00",0.0,0.0,0.0,,,,,,,,,,
10000800,10000800,"10_00_00",-233.63999938964844,73.69000244140625,349.6000061035156,10000,904750000,"NpcName",,"“接肢”葛瑞克","接ぎ木のゴドリック","Godrick the Grafted","史东薇尔城","ストームヴィル城","Stormveil Castle"
10000850,10000850,"10_00_00",-16.940000534057617,-2.75,-17.600000381469727,10000,902130000,"NpcName",,"“恶兆妖鬼”玛尔基特","忌み鬼、マルギット","Margit, the Fell Omen","史东薇尔城","ストームヴィル城","Stormveil Castle"
10010800,10010800,"10_01_00",-16.940000534057617,-2.75,-17.600000381469727,10010,904690000,"NpcName",,"“接肢”贵族后裔","接ぎ木の貴公子","Grafted Scion","候王礼拜堂","王を待つ礼拝堂","Chapel of Anticipation"
11000800,11000800,"11_00_00",67.41000366210938,79.0,-455.17999267578125,11000,902130002,"NpcName",,"“恶兆王”蒙葛特","忌み王、モーゴット","Morgott, the Omen King","王城罗德尔","王都ローデイル","Leyndell, Royal Capital"
11000850,11000850,"11_00_00",-131.55999755859375,31.010000228881836,-386.3599853515625,11000,904720000,"NpcName",,"“初始之王”葛孚雷","最初の王、ゴッドフレイ","Godfrey, First Elden Lord","王城罗德尔","王都ローデイル","Leyndell, Royal Capital"
11050800,11050800,"11_05_00",41.02000045776367,65.12000274658203,-421.2799987792969,11050,904720001,"NpcName",,"战士荷莱·露","戦士、ホーラ・ルー","Hoarah Loux, Warrior","灰城罗德尔","灰都ローデイル","Leyndell, Ashen Capital"
11050850,11050850,"11_05_00",-132.33999633789062,31.030000686645508,-386.6199951171875,11050,132400,"NpcName",,"“百智爵士”基甸·奥夫尼尔","百智卿、ギデオン＝オーフニール","Sir Gideon Ofnir, the All-Knowing","灰城罗德尔","灰都ローデイル","Leyndell, Ashen Capital"
12010800,12010800,"12_01_00",-193.0,-224.5,59.7599983215332,12012,904650000,"NpcName",,"诺克史黛拉的龙人士兵","ノクステラの竜人兵","Dragonkin Soldier of Nokstella","安瑟尔河","エインセル河","Ainsel River"
12010850,12010850,"12_01_00",-224.5399932861328,-317.05999755859375,-306.44000244140625,12012,904650600,"NpcName",,"龙人士兵","竜人兵","Dragonkin Soldier","安瑟尔河","エインセル河","Ainsel River"
12020800,12020800,"12_02_00",1213.2099609375,-619.6900024414062,1934.449951171875,12070,904770000,"NpcName",,"英雄石像鬼","英雄のガーゴイル","Valiant Gargoyle","希芙拉河","シーフラ河","Siofra River"
12020830,12020830,"12_02_00",1240.0999755859375,-748.4500122070312,1738.1600341796875,12070,904650600,"NpcName",,"龙人士兵","竜人兵","Dragonkin Soldier","希芙拉河","シーフラ河","Siofra River"
12020850,12020850,"12_02_00",995.9400024414062,-617.5,1146.5400390625,12070,903320000,"NpcName",,"仿身泪滴","写し身の雫","Mimic Tear","希芙拉河","シーフラ河","Siofra River"
12030390,12020390,"12_03_00",-884.2080078125,96.71800231933594,-320.6730041503906,12030,902500301,"NpcName",,"熔炉骑士","坩堝の騎士","Crucible Knight","深根底层","深き根の底","Deeproot Depths"
12030800,12030800,"12_03_00",-370.1109924316406,149.468994140625,-203.44500732421875,12030,136100,"NpcName",,"菲雅的英雄","フィアの英雄","Fia's Champion","深根底层","深き根の底","Deeproot Depths"
12030850,12030850,"12_03_00",-448.77099609375,149.343994140625,-273.1090087890625,12030,904510000,"NpcName",,"“死龙”弗尔桑克斯","死竜フォルサクス","Lichdragon Fortissax","深根底层","深き根の底","Deeproot Depths"
12040800,12040800,"12_04_00",-100.0,-106.2300033569336,-125.0,12012,904620001,"NpcName",,"“黑暗弃子”艾丝缇","暗黒の落とし子、アステール","Astel, Naturalborn of the Void","安瑟尔河","エインセル河","Ainsel River"
12050800,12050800,"12_05_00",1552.510009765625,-505.7799987792969,1234.4200439453125,12050,904800000,"NpcName",,"“鲜血君王”蒙格","血の君主、モーグ","Mohg, Lord of Blood","蒙格温王朝","モーグウィン王朝","Mohgwyn Palace"
12080800,12080800,"12_08_00",1530.6800537109375,-1735.6800537109375,-1052.550048828125,12070,904670000,"NpcName",,"祖灵","祖霊","Ancestor Spirit","希芙拉河","シーフラ河","Siofra River"
12090800,12090800,"12_09_00",1184.7900390625,-1538.52001953125,1899.7099609375,12020,904670001,"NpcName",,"祖灵之王","祖霊の王","Regal Ancestor Spirit","“永恒之城”诺克隆恩","永遠の都、ノクローン","Nokron, Eternal City"
13000800,13000800,"13_00_00",197.2100067138672,-32.52000045776367,374.75,13000,902110001,"NpcName",,"“黑剑”玛利喀斯","黒き剣のマリケス","Maliketh, the Black Blade","逐渐崩毁的法姆·亚兹拉","崩れゆくファルム・アズラ","Crumbling Farum Azula"
13000830,13000830,"13_00_00",14.449999809265137,1009.5900268554688,329.5,13000,904520000,"NpcName",,"“龙王”普拉顿桑克斯","竜王プラキドサクス","Dragonlord Placidusax","逐渐崩毁的法姆·亚兹拉","崩れゆくファルム・アズラ","Crumbling Farum Azula"
13000850,13000850,"13_00_00",-3.549999952316284,-52.20000076293945,406.5199890136719,13000,903575000,"NpcName",,"神皮双人组","神肌のふたり","Godskin Duo","逐渐崩毁的法姆·亚兹拉","崩れゆくファルム・アズラ","Crumbling Farum Azula"
14000800,14000800,"14_00_00",70.4000015258789,-838.7100219726562,-23.420000076293945,14000,120000,"NpcName",,"“满月女王”蕾娜菈","満月の女王、レナラ","Rennala, Queen of the Full Moon","魔法学院雷亚卢卡利亚","魔術学院レアルカリア","Academy of Raya Lucaria"
14000850,14000850,"14_00_00",151.24000549316406,110.56999969482422,-222.99000549316406,14000,903181000,"NpcName",,"拉达冈的红狼","ラダゴンの赤狼","Red Wolf of Radagon","魔法学院雷亚卢卡利亚","魔術学院レアルカリア","Academy of Raya Lucaria"
15000800,15000800,"15_00_00",-25.8700008392334,51.95000076293945,477.4100036621094,15001,902120000,"NpcName",,"“米凯拉的锋刃”玛莲妮亚","ミケラの刃、マレニア","Malenia, Blade of Miquella","米凯拉的圣树","ミケラの聖樹","Miquella's Haligtree"
15000850,15000850,"15_00_00",174.3699951171875,431.6600036621094,307.8999938964844,15001,903252000,"NpcName",,"“圣树骑士”罗蕾塔","聖樹の騎士、ローレッタ","Loretta, Knight of the Haligtree","米凯拉的圣树","ミケラの聖樹","Miquella's Haligtree"
16000800,16000800,"16_00_00",93.69000244140625,-438.8699951171875,-118.41000366210938,16000,904710001,"NpcName",,"“亵渎君王”拉卡德","冒涜の君主、ライカード","Rykard, Lord of Blasphemy","火山官邸","火山館","Volcano Manor"
16000850,16000850,"16_00_00",62.31999969482422,7.820000171661377,-211.47999572753906,16000,903570000,"NpcName",,"神皮贵族","神肌の貴種","Godskin Noble","火山官邸","火山館","Volcano Manor"
16000860,16000860,"16_00_00",229.67100524902344,-133.52099609375,-251.97300720214844,16000,904470000,"NpcName",,"掳人少女人偶（摆荡镰刀）","人さらいの乙女人形：振り子鎌","Abductor Virgin (Swinging Sickle)","火山官邸","火山館","Volcano Manor"
18000800,18000800,"18_00_00",29.5,-111.56999969482422,53.470001220703125,18000,,,,,,"Crucible Illusion","漂流墓地","漂着墓地","Stranded Graveyard"
18000850,18000850,"18_00_00",-40.939998626708984,10.670000076293945,41.099998474121094,18000,904311000,"NpcName",,"葛瑞克的士兵","ゴドリックの軍兵","Soldier of Godrick","漂流墓地","漂着墓地","Stranded Graveyard"
19000800,19000800,"19_00_00",213.99000549316406,-719.97998046875,-686.969970703125,19000,902200000,"NpcName",,"艾尔登之兽","エルデの獣","Elden Beast","石舞台","石舞台","Stone Platform"
20000800,20000800,"20_00_00",-43.02000045776367,118.4800033569336,336.6099853515625,20000,905210000,"NpcName","dlc01","神兽舞狮","神獣獅子舞","Divine Beast Dancing Lion","“塔之镇”贝瑞特","塔の街、ベルラート","Belurat, Tower Settlement"
20010800,20010800,"20_01_00",-287.239990234375,299.70001220703125,-141.2100067138672,20010,905220000,"NpcName","dlc01","“约定之王”拉塔恩","約束の王、ラダーン","Promised Consort Radahn","艾尼尔·伊利姆","エニル・イリム","Enir-Ilim"
20010850,20010850,"20_01_00",-221.55999755859375,174.58999633789062,-328.75,,,,,,,,,,
21000850,21000850,"15_00_00",-25.8700008392334,51.95000076293945,477.4100036621094,21000,905010000,"NpcName","dlc01","黄金河马","黄金カバ","Golden Hippopotamus","幽影城","影の城","Shadow Keep"
21010800,21010800,"15_00_00",174.3699951171875,431.6600036621094,307.8999938964844,21010,905130000,"NpcName","dlc01","“穿刺者”梅瑟莫","串刺し公、メスメル","Messmer the Impaler","物种保藏库","種の保管庫","Specimen Storehouse"
22000800,22000800,"22_00_00",-70.0989990234375,-295.0069885253906,104.28900146484375,22000,905020000,"NpcName","dlc01","融泥骑士","泥濘の騎士","Putrescent Knight","石棺大洞","石棺の大穴","Stone Coffin Fissure"
25000800,25000800,"25_00_00",4.320000171661377,0.009999999776482582,-2.319999933242798,250000,905200000,"NpcName","dlc01","“指头之母”梅蒂尔","指の母、メーテール","Metyr, Mother of Fingers","指头产房","指の産所","Finger Birthing Grounds"
28000800,28000800,"28_00_00",-11.746000289916992,16.006000518798828,-92.35600280761719,28000,905051000,"NpcName","dlc01","“癫火之王”米德拉","狂い火の王、ミドラー","Midra, Lord of Frenzied Flame","米德拉府邸","ミドラーの館","Midra's Manse"
30000800,30000800,"30_00_00",2.619999885559082,46.7400016784668,65.55999755859375,30000,903664300,"NpcName",,"墓地影子","墓所影","Cemetery Shade","灵庙原野地下墓地","霊廟ヶ原の地下墓","Tombsward Catacombs"
30010800,30010800,"30_01_00",-34.13999938964844,23.1200008392334,-156.38999938964844,30010,904260300,"NpcName",,"归树看门犬","還樹の番犬","Erdtree Burial Watchdog","穿刺地下墓地","串刺しの地下墓","Impaler's Catacombs"
30020800,30020800,"30_02_00",103.66999816894531,94.93000030517578,74.18000030517578,30020,904260300,"NpcName",,"归树看门犬","還樹の番犬","Erdtree Burial Watchdog","风暴根脚的地下墓地","嵐の麓の地下墓","Stormfoot Catacombs"
30030800,30030800,"30_03_00",90.5,193.7100067138672,24.290000915527344,30030,904140300,"NpcName",,"唤灵蜗牛","霊喚びつむり","Spiritcaller Snail","绝路地下墓地","行き止まりの地下墓","Road's End Catacombs"
30040800,30040800,"30_04_00",-20.40999984741211,46.119998931884766,98.5199966430664,30040,903400300,"NpcName",,"守墓斗士","墓守闘士","Grave Warden Duelist","蒙流地下墓地","曇り川の地下墓","Murkwater Catacombs"
30050800,30050800,"30_05_00",-189.41000366210938,406.20001220703125,121.20999908447266,30050,903664300,"NpcName",,"墓地影子","墓所影","Cemetery Shade","黑刀地下墓地","黒き刃の地下墓","Black Knife Catacombs"
30050850,30050850,"30_05_00",-225.77999877929688,411.5299987792969,16.8700008392334,30050,902100300,"NpcName",,"黑刀刺客","黒き刃の刺客","Black Knife Assassin","黑刀地下墓地","黒き刃の地下墓","Black Knife Catacombs"
30060800,30060800,"30_06_00",20.860000610351562,194.32000732421875,-18.719999313354492,30060,904260300,"NpcName",,"归树看门犬","還樹の番犬","Erdtree Burial Watchdog","断崖下的地下墓地","断崖下の地下墓","Cliffbottom Catacombs"
30070800,30070800,"30_07_00",-127.12000274658203,820.6099853515625,221.80999755859375,30070,904260300,"NpcName",,"归树看门犬","還樹の番犬","Erdtree Burial Watchdog","威达姆地下墓地","ウィンダムの地下墓","Wyndham Catacombs"
30080800,30080800,"30_08_00",336.1099853515625,742.219970703125,13.739999771118164,30080,907100300,"NpcName",,"萨米尔的古英雄","ザミェルの古英雄","Ancient Hero of Zamor","尊贵者的英雄墓地","貴き者たちの英雄墓","Sainted Hero's Grave"
30090800,30090800,"30_09_00",-148.10000610351562,646.260009765625,97.0199966430664,30090,903181300,"NpcName",,"英雄的红狼","英雄の赤狼","Red Wolf of the Champion","格密尔英雄墓地","ゲルミアの英雄墓","Gelmir Hero's Grave"
30100800,30100800,"30_10_00",-108.8499984741211,761.4600219726562,343.7200012207031,30100,902500300,"NpcName",,"“熔炉骑士”奥陶琵斯","坩堝の騎士、オルドビス","Crucible Knight Ordovis","亚雷萨英雄墓地","アウレーザの英雄墓","Auriza Hero's Grave"
30100801,30100800,"30_10_00",-101.56999969482422,761.4600219726562,340.4700012207031,30100,902500301,"NpcName",,"熔炉骑士","坩堝の騎士","Crucible Knight","亚雷萨英雄墓地","アウレーザの英雄墓","Auriza Hero's Grave"
30110800,30110800,"30_11_00",-208.77999877929688,177.5,23.670000076293945,30110,902100300,"NpcName",,"黑刀刺客","黒き刃の刺客","Black Knife Assassin","死亡降临的地下墓地","死に触れた地下墓","Deathtouched Catacombs"
30120800,30120800,"30_12_00",7.630000114440918,618.3200073242188,235.83999633789062,30120,903700300,"NpcName",,"调香师托莉夏","調香師トリシャ","Perfumer Tricia","丑恶地下墓地","醜き地下墓","Unsightly Catacombs"
30120801,30120800,"30_12_00",9.619999885559082,618.3200073242188,239.61000061035156,30120,903460300,"NpcName",,"混种战士","混種の戦士","Misbegotten Warrior","丑恶地下墓地","醜き地下墓","Unsightly Catacombs"
30130800,30130800,"30_13_00",4.3470001220703125,954.4180297851562,78.96199798583984,30130,903400300,"NpcName",,"守墓斗士","墓守闘士","Grave Warden Duelist","亚雷萨副墓地","アウレーザの副墓","Auriza Side Tomb"
30140800,30140800,"30_14_00",-123.4000015258789,73.12000274658203,-33.959999084472656,30140,904260300,"NpcName",,"归树看门犬","還樹の番犬","Erdtree Burial Watchdog","小黄金树地下墓地","小黄金樹の地下墓","Minor Erdtree Catacombs"
30150800,30150800,"30_15_00",125.70999908447266,24.219999313354492,258.0299987792969,30150,903664300,"NpcName",,"墓地影子","墓所影","Cemetery Shade","盖利德地下墓地","ケイリッドの地下墓","Caelid Catacombs"
30160800,30160800,"30_16_00",-127.38999938964844,-25.239999771118164,-89.48999786376953,30160,904640300,"NpcName",,"腐败树灵","腐敗した樹霊","Putrid Tree Spirit","英灵地下墓地","英霊たちの地下墓","War-Dead Catacombs"
30170800,30170800,"30_17_00",-7.610000133514404,1451.718994140625,-35.834999084472656,30170,907100300,"NpcName",,"萨米尔的古英雄","ザミェルの古英雄","Ancient Hero of Zamor","巨人战争的英雄墓地","巨人戦争の英雄墓","Giant-Conquering Hero's Grave"
30180800,30180800,"30_18_00",-134.19500732421875,1478.178955078125,156.6179962158203,30180,904640000,"NpcName",,"腐烂树灵","爛れた樹霊","Ulcerated Tree Spirit","巨人山顶地下墓地","巨人山嶺の地下墓","Giants' Mountaintop Catacombs"
30190800,30190800,"30_19_00",68.2969970703125,1374.718994140625,-160.6280059814453,30190,903400302,"NpcName",,"腐败守墓斗士","腐敗した墓守闘士","Putrid Grave Warden Duelist","化圣雪原地下墓地","聖別雪原の地下墓","Consecrated Snowfield Catacombs"
30200800,30200810,"30_20_00",-89.68900299072266,1278.322998046875,-264.3909912109375,30200,903320300,"NpcName",,"离群仿身泪滴","はぐれ写し身","Stray Mimic Tear","通往圣树的密道","聖樹への秘路","Hidden Path to the Haligtree"
31000800,31000800,"31_00_00",-140.25999450683594,-10.880000114440918,42.91999816894531,31000,130900,"NpcName",,"帕奇","パッチ","Patches","蒙流洞窟","曇り川の洞窟","Murkwater Cave"
31010800,31010800,"31_01_00",-143.89999389648438,-39.810001373291016,-146.57000732421875,31010,904630310,"NpcName",,"卢恩熊","ルーンベア","Runebear","垂穴洞窟","穴下りの洞窟","Earthbore Cave"
31020800,31020800,"31_02_00",-117.18000030517578,29.540000915527344,0.9100000262260437,31020,904480310,"NpcName",,"“病花”米兰达","病み花、ミランダ","Miranda the Blighted Bloom","灵庙原野洞窟","霊廟ヶ原の洞窟","Tombsward Cave"
31030800,31030800,"31_03_00",-120.79000091552734,88.27999877929688,80.7699966430664,31030,903970310,"NpcName",,"法姆·亚兹拉的兽人","ファルム・アズラの獣人","Beastman of Farum Azula","近林洞窟","林脇の洞窟","Groveside Cave"
31040800,31040800,"31_04_00",97.86000061035156,199.75,-166.72000122070312,31040,903800310,"NpcName",,"玛莲妮亚的尊腐骑士","マレニアの貴腐騎士","Cleanrot Knight","留水洞窟","溜水の洞窟","Stillwater Cave"
31050800,31050800,"31_05_00",-166.6999969482422,154.4499969482422,-18.600000381469727,31050,904290310,"NpcName",,"猎犬骑士","猟犬騎士","Bloodhound Knight","湖旁结晶洞窟","湖脇の結晶洞窟","Lakeside Crystal Cave"
31060800,31060800,"31_06_00",191.16000366210938,216.7100067138672,104.37000274658203,31060,903350320,"NpcName",,"结晶人","結晶人","Crystalian","学院结晶洞窟","学院の結晶洞窟","Academy Crystal Cave"
31070800,31070800,"31_07_00",-127.26000213623047,719.75,260.2099914550781,31070,903810310,"NpcName",,"腐败眷属","腐敗の眷属","Kindred of Rot","沸滚河洞窟","煮え立ち川の洞窟","Seethewater Cave"
31090800,31090800,"31_09_00",-63.90999984741211,1013.0700073242188,-75.06999969482422,31090,904130310,"NpcName",,"“亚人女王”玛格","亜人の女王マーゴ","Demi-Human Queen Margot","火山洞窟","火山の洞窟","Volcano Cave"
31100800,31100800,"31_10_00",30.649999618530273,104.55999755859375,19.059999465942383,31100,903970310,"NpcName",,"法姆·亚兹拉的兽人","ファルム・アズラの獣人","Beastman of Farum Azula","龙墓洞窟","竜塚の洞窟","Dragonbarrow Cave"
31110800,31110800,"31_11_00",-145.7899932861328,126.94000244140625,135.72000122070312,31110,903350320,"NpcName",,"结晶人","結晶人","Crystalian","瑟利亚隐藏洞窟","サリアの隠し洞窟","Sellia Hideaway"
31120800,31120800,"31_12_00",-23.020000457763672,1193.3800048828125,112.94999694824219,31120,903460310,"NpcName",,"混种圣骑士","混種の聖騎士","Misbegotten Crusader","安身洞窟","寄る辺の洞窟","Cave of the Forlorn"
31150800,31150800,"31_15_00",30.889999389648438,-29.309999465942383,-99.83999633789062,31150,904120310,"NpcName",,"亚人首领","亜人の親分","Demi-Human Chief","海岸洞窟","海岸の洞窟","Coastal Cave"
31170800,31170800,"31_17_00",74.41999816894531,-9.65999984741211,148.67999267578125,31170,904660310,"NpcName",,"魔像守卫","ガーディアン・ゴーレム","Guardian Golem","大道下的洞窟","高路下の洞窟","Highroad Cave"
31180800,31180800,"31_18_00",-94.33999633789062,790.7999877929688,181.7100067138672,31180,904820310,"NpcName",,"恶兆猎人","忌み潰し","Omenkiller","调香师的隐藏洞窟","調香師の隠し洞窟","Perfumer's Grotto"
31190800,31190800,"31_19_00",130.99000549316406,623.489990234375,-12.699999809265137,31190,902100300,"NpcName",,"黑刀刺客","黒き刃の刺客","Black Knife Assassin","贤者的洞窟","賢者の洞窟","Sage's Cave"
31190850,31190850,"31_19_00",108.32499694824219,627.2620239257812,-45.18600082397461,31190,137600,"NpcName",,"死术师哥瑞斯","死術師ガレス","Necromancer Garris","贤者的洞窟","賢者の洞窟","Sage's Cave"
31200800,31200800,"31_20_00",166.14999389648438,86.2699966430664,149.83999633789062,31200,903800310,"NpcName",,"玛莲妮亚的尊腐骑士","マレニアの貴腐騎士","Cleanrot Knight","废弃洞窟","廃棄洞窟","Abandoned Cave"
31210800,31210800,"31_21_00",-164.0399932861328,12.100000381469727,56.9900016784668,31210,903400310,"NpcName",,"发狂斗士","狂った闘士","Frenzied Duelist","牢狱洞窟","牢獄洞窟","Gaol Cave"
31220800,31220800,"31_22_00",-45.5099983215332,1579.1800537109375,-118.0999984741211,31220,904140300,"NpcName",,"唤灵蜗牛","霊喚びつむり","Spiritcaller Snail","唤灵洞窟","霊喚びの洞窟","Spiritcaller Cave"
32000800,32000800,"32_00_00",83.33999633789062,-24.530000686645508,-24.239999771118164,32000,903451320,"NpcName",,"片鳞混种","ウロコの混種","Scaly Misbegotten","摩恩坑道","モーンの坑道","Morne Tunnel"
32010800,32010800,"32_01_00",26.049999237060547,-30.450000762939453,-1.2799999713897705,32010,904600320,"NpcName",,"挖石山妖","石掘りトロル","Stonedigger Troll","宁姆格福坑道","リムグレイブ坑道","Limgrave Tunnels"
32020800,32020800,"32_02_00",12.5,110.37999725341797,19.450000762939453,32020,903350321,"NpcName",,"结晶人（圆刃刀）","結晶人：輪刃","Crystalian (Ringblade)","雷亚卢卡利亚结晶坑道","レアルカリア結晶坑道","Raya Lucaria Crystal Tunnel"
32040800,32040800,"32_04_00",-299.1199951171875,677.1300048828125,-120.37000274658203,32040,904600320,"NpcName",,"挖石山妖","石掘りトロル","Stonedigger Troll","旧亚坛坑道","旧アルター坑道","Old Altus Tunnel"
32050800,32050800,"32_05_00",56.439998626708984,777.25,-35.130001068115234,32050,903350321,"NpcName",,"结晶人（圆刃刀）","結晶人：輪刃","Crystalian (Ringblade)","亚坛坑道","アルター坑道","Altus Tunnel"
32050801,32050800,"32_05_00",53.189998626708984,777.2000122070312,-37.900001525878906,32050,903350311,"NpcName",,"结晶人（矛）","結晶人：槍","Crystalian (Spear)","亚坛坑道","アルター坑道","Altus Tunnel"
32070800,32070800,"32_07_00",-24.170000076293945,89.93000030517578,162.44000244140625,32070,904910320,"NpcName",,"熔岩土龙","溶岩土竜","Magma Wyrm","盖尔坑道","ゲール坑道","Gael Tunnel"
32080800,32080800,"32_08_00",-75.62999725341797,124.55999755859375,231.9600067138672,32080,904680320,"NpcName",,"坠星兽物","降る星の獣","Fallingstar Beast","瑟利亚结晶坑道","サリアの結晶坑道","Sellia Crystal Tunnel"
32110800,32110800,"32_11_00",49.47999954223633,1210.7900390625,86.19999694824219,32110,904620320,"NpcName",,"“黑暗繁星”艾丝缇","暗黒の星々、アステール","Astel, Stars of Darkness","耶罗·亚尼斯坑道","イエロ・アニスの坑道","Yelough Anix Tunnel"
34120800,34120800,"34_12_00",-49.459999084472656,711.3599853515625,-195.9199981689453,34121,903600320,"NpcName",,"石肤黑王","石肌の黒王","Onyx Lord","西亚坛神授塔","西アルターの神授塔","Divine Tower of West Altus"
34130800,34130800,"34_13_00",76.83000183105469,36.310001373291016,-101.86000061035156,34130,903560000,"NpcName",,"神皮使徒","神肌の使徒","Godskin Apostle","盖利德神授塔","ケイリッドの神授塔","Divine Tower of Caelid"
34140850,34140850,"34_14_00",572.7000122070312,-373.4800109863281,-321.0,34140,902140000,"NpcName",,"恶兆孪生子","忌み双子","Fell Twin","东亚坛神授塔","東アルターの神授塔","Divine Tower of East Altus"
35000800,35000800,"35_00_00",74.54000091552734,-298.5299987792969,-80.61000061035156,35000,904800002,"NpcName",,"“恶兆之子”蒙格","忌み子、モーグ","Mohg, the Omen","弃置恶兆的地底","忌み捨ての地下","Subterranean Shunning-Grounds"
35000850,35000850,"35_00_00",-203.8470001220703,-153.8459930419922,-306.8659973144531,35000,138600,"NpcName",,"“鲜血祭司”艾斯加","血の司祭、エスガー","Esgar, Priest of Blood","弃置恶兆的地底","忌み捨ての地下","Subterranean Shunning-Grounds"
39200800,39200800,"39_20_00",-106.66999816894531,353.6600036621094,-1310.489990234375,39200,904910000,"NpcName",,"“熔岩土龙”马卡尔","溶岩土竜、マカール","Magma Wyrm Makar","古遗迹断崖","古遺跡断崖","Ruin-Strewn Precipice"
40000800,40000800,"40_00_00",-426.55999755859375,113.72000122070312,-33.970001220703125,40000,905070400,"NpcName","dlc01","死骑士","死の騎士","Death Knight","雾谷地下墓地","霧谷の地下墓","Fog Rift Catacombs"
40010800,40010800,"40_01_00",186.63499450683594,149.718994140625,-139.0330047607422,40010,905070400,"NpcName","dlc01","死骑士","死の騎士","Death Knight","蝎河地下墓地","サソリ川の地下墓","Scorpion River Catacombs"
41000800,41000800,"41_00_00",-178.66000366210938,78.58000183105469,-198.6300048828125,41000,905810410,"NpcName","dlc01","“亚人剑圣”翁吉","亜人の剣聖、オンジ","Demi-Human Swordmaster Onze","贝瑞特监牢","ベルラートの牢獄","Belurat Gaol"
41010800,41010800,"41_01_00",-194.07000732421875,190.5800018310547,89.83999633789062,41010,905040400,"NpcName","dlc01","咒剑士拉比利士","呪剣士ラビリス","Curseblade Labirith","波尼监牢","ボニの牢獄","Bonny Gaol"
41020800,41020800,"41_02_00",152.60000610351562,19.799999237060547,-14.960000038146973,41020,142700,"NpcName","dlc01","喟叹者","嘆き人","Lamenter","喟叹监牢","嘆きの牢獄","Lamenter's Gaol"
43000800,43000800,"43_00_00",134.5330047607422,116.2750015258789,138.67999267578125,43000,905081430,"NpcName","dlc01","血怪之首","血鬼の長","Chief Bloodfiend","河尾洞窟","川終わりの洞窟","Rivermouth Cave"
43010800,43010800,"43_01_00",37.560001373291016,94.0199966430664,4.199999809265137,43010,140700,"NpcName","dlc01","古龙人","古竜人","Ancient Dragon-Man","龙洞","竜の穴","Dragon's Pit"
1033420800,1033420800,"60_33_42",-40.56999969482422,346.70001220703125,86.23999786376953,62002,902100521,"NpcName",,"“黑刀之首”亚勒托","黒き刃の長、アレクトー","Alecto, Black Knife Ringleader","月光祭坛","月光の祭壇","Moonlight Altar"
1033430800,1033430800,"60_33_43",43.41999816894531,291.3599853515625,28.770000457763672,62000,904810600,"NpcName",,"黄金树的化身","黄金樹の化身","Erdtree Avatar","湖之利耶尼亚","湖のリエーニエ","Liurnia of the Lakes"
1033450800,1033450800,"60_33_45",-52.29999923706055,245.0500030517578,-29.600000381469727,6200901,904600520,"NpcName",,"“卡利亚骑士”波尔斯","カーリア騎士、ボルス","Bols, Carian Knight","杜鹃的封印监牢","カッコウの封牢","Cuckoo's Evergaol"
1034420800,1034420800,"60_34_42",101.58000183105469,397.2699890136719,-42.529998779296875,6210500,904502601,"NpcName",,"“辉石龙”亚杜拉","輝石竜アデューラ","Glintstone Dragon Adula","月之民废墟","月の民の廃墟","Moonfolk Ruins"
1034450800,1034450800,"60_34_45",-8.09000015258789,237.3800048828125,-10.619999885559082,620056,904502600,"NpcName",,"“辉石龙”史玛拉格","輝石竜スマラグ","Glintstone Dragon Smarag","教堂区","聖堂区画","Temple Quarter"
1034480800,1034480800,"60_34_48",46.25,252.2100067138672,77.02999877929688,6200501,904020540,"NpcName",,"王室幽魂","王族の幽鬼","Royal Revenant","王室领地废墟","王家領の廃墟","Kingsrealm Ruins"
1034500800,1034500800,"60_34_50",76.01000213623047,440.94000244140625,63.310001373291016,620043,904502601,"NpcName",,"“辉石龙”亚杜拉","輝石竜アデューラ","Glintstone Dragon Adula","菈妮魔法师塔","ラニの魔術師塔","Ranni's Rise"
1035420800,1035420800,"60_35_42",-38.61000061035156,269.1700134277344,-17.899999618530273,620035,904820310,"NpcName",,"恶兆猎人","忌み潰し","Omenkiller","白金村","しろがね村","Village of the Albinaurics"
1035500800,1035500800,"60_35_50",-31.850000381469727,430.95001220703125,100.61000061035156,6202600,903253500,"NpcName",,"禁卫骑士罗蕾塔","親衛騎士ローレッタ","Royal Knight Loretta","卡利亚城寨","カーリアの城館","Caria Manor"
1035530800,1035530800,"60_35_53",-3.7899999618530273,824.0,-70.69000244140625,631005,904910320,"NpcName",,"熔岩土龙","溶岩土竜","Magma Wyrm","沸滚河终点","煮え立ち川の終端","Seethewater Terminus"
1036450340,1036450340,"60_36_45",-63.61000061035156,237.57000732421875,36.970001220703125,620048,904980600,"NpcName",,"死亡仪式鸟","死儀礼の鳥","Death Rite Bird","门前镇的北方","門前町の北","Gate Town North"
1036480340,1036480340,"60_36_48",21.790000915527344,321.6300048828125,28.790000915527344,620010,903150600,"NpcName",,"黑夜骑兵","夜の騎兵","Night's Cavalry","雷亚卢卡利亚（东门）","レアルカリア東門","East Raya Lucaria Gate"
1036500800,1036500800,"60_36_50",121.08999633789062,379.6300048828125,10.9399995803833,6200902,903600320,"NpcName",,"石肤黑王","石肌の黒王","Onyx Lord","王室墓地的封印监牢","王家墓地の封牢","Royal Grave Evergaol"
1036540800,1036540800,"60_36_54",100.62699890136719,1052.156005859375,-41.75899887084961,631001,904680320,"NpcName",,"坠星兽物","降る星の獣","Fallingstar Beast","格密尔火山（第９休息站）","九合目","Ninth Mt. Gelmir Campsite"
1037420340,1037420340,"60_37_42",-51.529998779296875,238.30999755859375,96.25,620002,904980600,"NpcName",,"死亡仪式鸟","死儀礼の鳥","Death Rite Bird","拉斯卡废墟","ラスカーの廃墟","Laskyar Ruins"
1037460800,1037460800,"60_37_46",-48.34000015258789,398.30999755859375,9.789999961853027,620039,903100600,"NpcName",,"铃珠猎人","鈴玉狩り","Bell Bearing Hunter","结缘教堂","結びの教会","Church of Vows"
1037510800,1037510800,"60_37_51",98.54000091552734,703.6699829101562,29.049999237060547,630008,904510600,"NpcName",,"“古龙”兰斯桑克斯","古竜ランサクス","Ancient Dragon Lansseax","弃置棺材","捨てられた棺","Abandoned Coffin"
1037530800,1037530800,"60_37_53",52.79399871826172,903.6699829101562,-88.34300231933594,631007,904130600,"NpcName",,"“亚人女王”玛姬","亜人の女王マギ","Demi-Human Queen Maggie","“起源魔法师”亚兹勒","源流の魔術師、アズール","Primeval Sorcerer Azur"
1037540810,1037540810,"60_37_54",-33.38999938964844,856.7999877929688,-72.87999725341797,63001,904640000,"NpcName",,"腐烂树灵","爛れた樹霊","Ulcerated Tree Spirit","格密尔火山","ゲルミア火山","Mt. Gelmir"
1038410800,1038410800,"60_38_41",3.890000104904175,257.3699951171875,-124.93000030517578,6200900,135600,"NpcName",,"“盗火”亚当","火を盗んだアダン","Adan, Thief of Fire","小偷的封印监牢","盗人の封牢","Malefactor's Evergaol"
1038480800,1038480800,"60_38_48",-30.170000076293945,404.20001220703125,-102.91999816894531,62001,904810600,"NpcName",,"黄金树的化身","黄金樹の化身","Erdtree Avatar","彼鲁姆大道","ベイルム街道","Bellum Highway"
1038510800,1038510800,"60_38_51",-32.459999084472656,770.7999877929688,0.5400000214576721,630000,904130540,"NpcName",,"“亚人女王”姬丽卡","亜人の女王ギリカ","Demi-Human Queen Gilika","近黄金树的山丘","黄金樹を臨む丘","Erdtree-Gazing Hill"
1038520340,1038520800,"60_38_52",-127.15699768066406,823.4080200195312,71.56199645996094,6310501,904950600,"NpcName",,"提比亚的唤声船","ティビアの呼び舟","Tibia Mariner","威达姆废墟","ウィンダムの廃墟","Wyndham Ruins"
1039430340,1039430340,"60_39_43",-125.30000305175781,253.11000061035156,-8.130000114440918,620036,903150600,"NpcName",,"黑夜骑兵","夜の騎兵","Night's Cavalry","利耶尼亚大道（北方）","リエーニエ街道北","Liurnia Highway North"
1039440800,1039440800,"60_39_44",-81.58999633789062,294.7900085449219,-41.36000061035156,34111,904950600,"NpcName",,"提比亚的唤声船","ティビアの呼び舟","Tibia Mariner","利耶尼亚神授塔","リエーニエの神授塔","Divine Tower of Liurnia"
1039500800,1039500800,"60_39_50",-45.619998931884766,709.6500244140625,-86.06999969482422,6300900,904750000,"NpcName",,"“接肢”葛瑞克","接ぎ木のゴドリック","Godrick the Grafted","黄金一族的封印监牢","黄金の一族の封牢","Golden Lineage Evergaol"
1039510800,1043530800,"60_39_51",-16.75,755.1199951171875,-110.62999725341797,630005,903100600,"NpcName",,"铃珠猎人","鈴玉狩り","Bell Bearing Hunter","遁世商人的破屋","世捨て商人のボロ家","Hermit Merchant's Shack"
1039540800,1039540800,"60_39_54",-53.720001220703125,768.2899780273438,56.5099983215332,6302700,903100600,"NpcName",,"铃珠猎人","鈴玉狩り","Bell Bearing Hunter","日荫城","日陰城","The Shaded Castle"
1040520800,1040520800,"60_40_52",51.63999938964844,884.1400146484375,7.320000171661377,30080,902100300,"NpcName",,"黑刀刺客","黒き刃の刺客","Black Knife Assassin","尊贵者的英雄墓地","貴き者たちの英雄墓","Sainted Hero's Grave"
1040530800,1040530800,"60_40_53",-92.8499984741211,802.27001953125,71.05000305175781,6300503,134310,"NpcName",,"鲜血贵族","血の貴族","Sanguine Noble","蠕血废墟","血の蠢く廃墟","Writheblood Ruins"
1041500800,1041500800,"60_41_50",42.84000015258789,834.239990234375,109.23999786376953,63000,904680320,"NpcName",,"坠星兽物","降る星の獣","Fallingstar Beast","亚坛高原","アルター高原","Altus Plateau"
1041510800,1041510800,"60_41_51",91.08999633789062,851.27001953125,-31.350000381469727,63000,903251600,"NpcName",,"大树守卫","ツリーガード","Tree Sentinel","亚坛高原","アルター高原","Altus Plateau"
1041520800,1041520800,"60_41_52",39.970001220703125,921.5499877929688,-115.02999877929688,32050,904510600,"NpcName",,"“古龙”兰斯桑克斯","古竜ランサクス","Ancient Dragon Lansseax","亚坛坑道","アルター坑道","Altus Tunnel"
1041530800,1041530800,"60_41_53",-77.4800033569336,785.1400146484375,29.229999542236328,63000,904580600,"NpcName",,"蚯蚓脸","ミミズ顔","Wormface","亚坛高原","アルター高原","Altus Plateau"
1042330800,1042330800,"60_42_33",-126.38999938964844,19.90999984741211,108.76000213623047,6110900,907100300,"NpcName",,"萨米尔的古英雄","ザミェルの古英雄","Ancient Hero of Zamor","啜泣的封印监牢","啜り泣きの封牢","Weeping Evergaol"
1042360800,1042360800,"60_42_36",-11.65999984741211,89.01000213623047,47.459999084472656,610000,903251600,"NpcName",,"大树守卫","ツリーガード","Tree Sentinel","艾雷教堂","エレの教会","Church of Elleh"
1042370800,1042370800,"60_42_37",-83.61000061035156,160.58999633789062,65.0,6100901,902500301,"NpcName",,"熔炉骑士","坩堝の騎士","Crucible Knight","风暴山丘的封印监牢","嵐丘の封牢","Stormhill Evergaol"
1042380800,1042380800,"60_42_38",120.54000091552734,183.82000732421875,50.970001220703125,6101000,904980600,"NpcName",,"死亡仪式鸟","死儀礼の鳥","Death Rite Bird","风暴关卡","嵐の関門","Stormgate"
1042380850,1042380850,"60_42_38",12.300000190734863,188.02000427246094,89.58999633789062,610017,903100600,"NpcName",,"铃珠猎人","鈴玉狩り","Bell Bearing Hunter","习战者的破屋","戦学びのボロ家","Warmaster's Shack"
1042550800,1042550800,"60_42_55",-35.54999923706055,968.219970703125,-38.970001220703125,630013,903560000,"NpcName",,"神皮使徒","神肌の使徒","Godskin Apostle","风车村高台","風車村高台","Windmill Heights"
1043300800,1043300800,"60_43_30",-32.209999084472656,0.699999988079071,-21.90999984741211,611011,903460500,"NpcName",,"狮子混种","獅子の混種","Leonine Misbegotten","摩恩悲叹墓","モーンの嘆き墓","Morne Moangrave"
1043330800,1043330800,"60_43_33",-55.400001525878906,83.11000061035156,21.959999084472656,61002,904810600,"NpcName",,"黄金树的化身","黄金樹の化身","Erdtree Avatar","啜泣半岛","啜り泣きの半島","Weeping Peninsula"
1043360800,1043360800,"60_43_36",-95.5,64.95999908447266,80.2300033569336,6108100,904500600,"NpcName",,"“飞龙”亚基尔","飛竜アギール","Flying Dragon Agheel","亚基尔湖","アギール湖","Agheel Lake"
1043370340,1043370800,"60_43_37",72.45999908447266,90.95999908447266,-94.69999694824219,610007,903150600,"NpcName",,"黑夜骑兵","夜の騎兵","Night's Cavalry","亚基尔湖北方","アギール湖北","Agheel Lake North"
1043530800,1043530800,"60_43_53",-9.890000343322754,993.219970703125,3.190000057220459,630005,903100600,"NpcName",,"铃珠猎人","鈴玉狩り","Bell Bearing Hunter","遁世商人的破屋","世捨て商人のボロ家","Hermit Merchant's Shack"
1044320340,1044320800,"60_44_32",-103.37999725341797,41.20000076293945,7.570000171661377,6112500,904980600,"NpcName",,"死亡仪式鸟","死儀礼の鳥","Death Rite Bird","摩恩城","モーンの城","Castle Morne"
1044320342,1044320850,"60_44_32",36.61000061035156,42.81999969482422,102.44999694824219,6112500,903150600,"NpcName",,"黑夜骑兵","夜の騎兵","Night's Cavalry","摩恩城","モーンの城","Castle Morne"
1044350800,1044350800,"60_44_34",-17.399999618530273,105.68000030517578,119.83000183105469,6100900,904290520,"NpcName",,"“猎犬骑士”达瑞威尔","猟犬騎士ダリウィル","Bloodhound Knight Darriwil","无主猎犬的封印监牢","主なき猟犬の封牢","Forlorn Hound Evergaol"
1044360800,1044360800,"60_44_36",17.389999389648438,80.80999755859375,29.780000686645508,6100501,904340540,"NpcName",,"发狂南瓜头士兵","かぼちゃ兜の狂兵","Mad Pumpkin Head","驿站街遗迹","宿場跡","Waypoint Ruins"
1044530800,1043530800,"60_44_53",-23.579999923706055,1025.93994140625,75.98999786376953,630005,903100600,"NpcName",,"铃珠猎人","鈴玉狩り","Bell Bearing Hunter","遁世商人的破屋","世捨て商人のボロ家","Hermit Merchant's Shack"
1045390800,1045390800,"60_45_39",-35.04999923706055,92.2300033569336,1.2899999618530273,6100504,904950600,"NpcName",,"提比亚的唤声船","ティビアの呼び舟","Tibia Mariner","水唤村","呼び水の村","Summonwater Village"
1045520800,1045520800,"60_45_52",27.690000534057617,1023.8200073242188,43.91999816894531,630014,903250600,"NpcName",,"龙装大树守卫","竜のツリーガード","Draconic Tree Sentinel","王城城墙前方","王都城壁前","Capital Rampart"
1047400800,1047400800,"60_47_40",-102.33999633789062,126.23999786376953,102.54000091552734,10670400,904811600,"NpcName",,"腐败化身","腐敗した化身","Putrid Avatar","盖利德小黄金树","ケイリッドの小黄金樹","Caelid Minor Erdtree"
1048370800,1048370800,"60_48_37",-48.09000015258789,114.94999694824219,-42.66999816894531,640019,904501600,"NpcName",,"“步入腐败”艾格基斯","腐りゆくエグズキス","Decaying Ekzykes","盖利德大道南方","ケイリッド街道南","Caelid Highway South"
1048400800,1048400800,"60_48_40",-118.79000091552734,138.4199981689453,-91.27999877929688,640020,904340540,"NpcName",,"发狂南瓜头士兵","かぼちゃ兜の狂兵","Mad Pumpkin Head","龙墓西方","竜塚の西","Dragonbarrow West"
1048410800,1048410800,"60_48_41",-86.9800033569336,225.66000366210938,-70.16000366210938,611006,903100600,"NpcName",,"铃珠猎人","鈴玉狩り","Bell Bearing Hunter","隐居商人的破屋","隠遁商人のボロ家","Isolated Merchant's Shack"
1048510800,1048510800,"60_48_51",-93.19999694824219,971.47998046875,47.68000030517578,63003,903150600,"NpcName",,"黑夜骑兵","夜の騎兵","Night's Cavalry","禁域","禁域","Forbidden Lands"
1048570800,1048570800,"60_48_57",-106.88999938964844,1255.0799560546875,116.4800033569336,651002,904980600,"NpcName",,"死亡仪式鸟","死儀礼の鳥","Death Rite Bird","“仪典镇”奥缇那","典礼街オルディナ","Ordina, Liturgical Town"
1049370800,1049370800,"60_49_37",-116.5199966430664,102.11000061035156,-7.900000095367432,640016,903150600,"NpcName",,"黑夜骑兵","夜の騎兵","Night's Cavalry","艾奥尼亚沼泽（南岸）","エオニア沼、南岸","Southern Aeonia Swamp Bank"
1049370850,1049370850,"60_49_37",112.20999908447266,102.16999816894531,15.510000228881836,640016,904980600,"NpcName",,"死亡仪式鸟","死儀礼の鳥","Death Rite Bird","艾奥尼亚沼泽（南岸）","エオニア沼、南岸","Southern Aeonia Swamp Bank"
1049380800,1049380800,"60_49_38",-25.219999313354492,65.87999725341797,50.56999969482422,64002,903050600,"NpcName",,"老将欧尼尔","宿将オニール","Commander O'Neil","艾奥尼亚沼泽","エオニアの沼","Swamp of Aeonia"
1049390800,1049390800,"60_49_39",94.0199966430664,83.54000091552734,86.54000091552734,6403300,903300560,"NpcName",,"诺克斯修士","ノクスの僧","Nox Monk","魔法镇瑟利亚","魔術街サリア","Sellia, Town of Sorcery"
1049390850,1049390850,"60_49_39",-89.47000122070312,164.02999877929688,-1.090000033378601,6403300,903704520,"NpcName",,"战场魔法师犹格","戦魔術師ユーグ","Battlemage Hugues","魔法镇瑟利亚","魔術街サリア","Sellia, Town of Sorcery"
1049520800,1049520800,"60_49_52",-20.309999465942383,1048.489990234375,54.709999084472656,63003,904770600,"NpcName",,"黑剑眷属","黒き剣の眷属","Black Blade Kindred","禁域","禁域","Forbidden Lands"
1050560800,1050560800,"60_50_56",15.430000305175781,1255.0799560546875,9.550000190734863,65002,904911600,"NpcName",,"“大土龙”席欧朵利克","大土竜、テオドリックス","Great Wyrm Theodorix","化圣雪原","聖別雪原","Consecrated Snowfield"
1050570800,1050570800,"60_50_57",64.5999984741211,1630.3499755859375,-79.5,6502900,904980600,"NpcName",,"死亡仪式鸟","死儀礼の鳥","Death Rite Bird","索尔城","ソールの城砦","Castle Sol"
1050570850,1050570850,"60_50_57",-85.37999725341797,1390.239990234375,-56.41999816894531,65002,904811600,"NpcName",,"腐败化身","腐敗した化身","Putrid Avatar","化圣雪原","聖別雪原","Consecrated Snowfield"
1051360800,1051360800,"60_51_36",78.38999938964844,91.77999877929688,37.63999938964844,6402800,902500301,"NpcName",,"熔炉骑士","坩堝の騎士","Crucible Knight","红狮子城","赤獅子城","Redmane Castle"
1051400800,1051400800,"60_51_40",37.400001525878906,209.42999267578125,70.2300033569336,64001,904811600,"NpcName",,"腐败化身","腐敗した化身","Putrid Avatar","桂奥尔龙墓","グレイオールの竜塚","Greyoll's Dragonbarrow"
1051430800,1051430800,"60_51_43",60.88999938964844,305.20001220703125,-63.970001220703125,640025,904770600,"NpcName",,"黑剑眷属","黒き剣の眷属","Black Blade Kindred","野兽神殿","獣の神殿","Bestial Sanctum"
1051570800,1051570800,"60_51_57",78.08000183105469,1632.02001953125,210.22999572753906,6502900,903050500,"NpcName",,"老将尼奥","宿将ニアール","Commander Niall","索尔城","ソールの城砦","Castle Sol"
1052380800,1252380800,"60_52_38",-46.9900016784668,35.130001068115234,-39.65999984741211,64000,904730000,"NpcName",,"“碎星”拉塔恩","星砕きのラダーン","Starscourge Radahn","盖利德","ケイリッド","Caelid"
1052410800,1052410800,"60_52_41",-110.47000122070312,248.3300018310547,107.52999877929688,64001,904500601,"NpcName",,"“飞龙”桂雷尔","飛竜グレイル","Flying Dragon Greyll","桂奥尔龙墓","グレイオールの竜塚","Greyoll's Dragonbarrow"
1052410850,1052410850,"60_52_41",8.279999732971191,221.3800048828125,115.70999908447266,640023,903150600,"NpcName",,"黑夜骑兵","夜の騎兵","Night's Cavalry","雷恩魔法师塔","レンの魔術師塔","Lenne's Rise"
1052520800,1052520800,"60_52_52",104.5999984741211,1859.68994140625,58.66999816894531,65001,904760000,"NpcName",,"火焰巨人","火の巨人","Fire Giant","火焰之巅","火の頂","Flame Peak"
1052560800,1052560800,"60_52_56",-58.97999954223633,1676.3599853515625,70.18000030517578,65000,904810600,"NpcName",,"黄金树的化身","黄金樹の化身","Erdtree Avatar","巨人山顶","巨人たちの山嶺","Mountaintops of the Giants"
1053560800,1053560800,"60_53_56",-52.5,1668.449951171875,-116.27999877929688,6500900,130401,"NpcName",,"“圆桌骑士”维克","円卓の騎士、ヴァイク","Roundtable Knight Vyke","准王者的封印监牢","王に近付いた者の封牢","Lord Contender's Evergaol"
1054560800,1254560800,"60_54_56",-124.93000030517578,1620.1800537109375,54.68000030517578,650003,904503600,"NpcName",,"“冻结冰雾”玻列琉斯","凍てつく霧、ボレアリス","Borealis the Freezing Fog","结冰湖","氷結湖","Freezing Lake"
1248550800,1248550800,"60_48_55",108.16999816894531,1281.5699462890625,-33.08000183105469,65002,903150600,"NpcName",,"黑夜骑兵","夜の騎兵","Night's Cavalry","化圣雪原","聖別雪原","Consecrated Snowfield"
2044450800,2044450800,"61_44_45",-61.24399948120117,625.3109741210938,110.56800079345703,69400,905030000,"NpcName","dlc01","“花蕾圣女”萝蜜娜","蕾の聖女、ロミナ","Romina, Saint of the Bud","劳弗古遗迹","ラウフの古遺跡","Ancient Ruins of Rauh"
2044470800,2044470800,"61_44_47",-52.119998931884766,321.7200012207031,112.27999877929688,69400,905820600,"NpcName","dlc01","大红熊鲁格利亚","大赤熊ルガリア","Rugalea the Great Red Bear","劳弗古遗迹","ラウフの古遺跡","Ancient Ruins of Rauh"
2045440800,2045440800,"61_45_44",59.09700012207031,256.4150085449219,-73.88700103759766,68000,905860600,"NpcName","dlc01","灵火龙","霊炎竜","Ghostflame Dragon","墓地平原","墓地平原","Gravesite Plain"
2046380800,2046380800,"61_46_38",-24.899999618530273,9.25,-96.83000183105469,68300,142200,"NpcName","dlc01","拉纳舞娘","ラーナの踊り子","Dancer of Ranah","青蓝海岸","青海岸","Cerulean Coast"
2046400800,2046400800,"61_46_40",-71.77999877929688,2.25,-12.529999732971191,68300,905730600,"NpcName","dlc01","“亚人女王”玛丽戈","亜人の女王マルガ","Demi-Human Queen Marigga","青蓝海岸","青海岸","Cerulean Coast"
2046410800,2046410800,"61_46_41",-177.91000366210938,317.6600036621094,54.75,68000,142400,"NpcName","dlc01","孤牢骑士","孤牢の騎士","Knight of the Solitary Gaol","墓地平原","墓地平原","Gravesite Plain"
2046450800,2046450800,"61_46_45",109.19999694824219,395.9200134277344,-80.75,68000,142100,"NpcName","dlc01","红熊","赤熊","Red Bear","墓地平原","墓地平原","Gravesite Plain"
2046460800,2046460800,"61_46_46",-62.7239990234375,536.0,-40.74800109863281,68000,905210000,"NpcName","dlc01","神兽舞狮","神獣獅子舞","Divine Beast Dancing Lion","墓地平原","墓地平原","Gravesite Plain"
2047390800,2047390800,"61_47_39",93.0199966430664,84.9800033569336,55.779998779296875,68300,904980600,"NpcName",,"死亡仪式鸟","死儀礼の鳥","Death Rite Bird","青蓝海岸","青海岸","Cerulean Coast"
2047450800,2047450800,"61_47_44",-27.670000076293945,346.0199890136719,117.33999633789062,69000,905840501,"NpcName","dlc01","“黑骑士”迦鲁","黒騎士ガルー","Black Knight Garrew","幽影亚坛","影のアルター","Scadu Altus"
2048380850,2048380850,"61_48_39",-90.02999877929688,32.279998779296875,-91.5999984741211,68300,905860600,"NpcName","dlc01","灵火龙","霊炎竜","Ghostflame Dragon","青蓝海岸","青海岸","Cerulean Coast"
2048440800,2048440800,"61_48_44",-55.4900016784668,427.010009765625,50.560001373291016,68000,905300000,"NpcName","dlc01","“双月骑士”蕾菈娜","双月の騎士、レラーナ","Rellana, Twin Moon Knight","墓地平原","墓地平原","Gravesite Plain"
2049410800,2049410800,"61_49_41",80.58999633789062,65.81999969482422,-106.26000213623047,68500,905580600,"NpcName","dlc01","尖刺山的飞龙","ギザ山の飛竜","Jagged Peak Drake","尖刺山","ギザ山","Jagged Peak"
2049430800,2049430800,"61_49_43",-8.795000076293945,379.0069885253906,116.91200256347656,10670900,905860600,"NpcName","dlc01","灵火龙","霊炎竜","Ghostflame Dragon","穆斯大道","モース街道","Moorth Highway"
2049430850,2049430850,"61_49_43",68.87999725341797,396.4800109863281,-95.66000366210938,69000,905840500,"NpcName","dlc01","“黑骑士”艾瑞德","黒騎士エドレッド","Black Knight Edredd","幽影亚坛","影のアルター","Scadu Altus"
2049450800,2049450800,"61_49_45",62.849998474121094,396.0199890136719,123.83000183105469,69000,905820601,"NpcName","dlc01","大红熊拉鲁瓦","大赤熊ラルバ","Ralva the Great Red Bear","幽影亚坛","影のアルター","Scadu Altus"
2049480800,2049480800,"61_49_48",80.91000366210938,580.0399780273438,6.880000114440918,69000,905000000,"NpcName","dlc01","老将盖乌斯","宿将ガイウス","Commander Gaius","幽影亚坛","影のアルター","Scadu Altus"
2050470800,2050470800,"61_50_47",14.859999656677246,559.4400024414062,106.52999877929688,693000,903251600,"NpcName",,"大树守卫","ツリーガード","Tree Sentinel","隐匿之地","隠された地","Hinterland"
2050480800,2050480800,"61_50_48",-50.68000030517578,190.02000427246094,86.66999816894531,69200,905230000,"NpcName","dlc01","幽影树的化身","影樹の化身","Scadutree Avatar","望影露台","影を仰ぐ露台","Scaduview"
2050480860,2050480860,"61_50_48",47.619998931884766,541.52001953125,-63.279998779296875,693000,903251600,"NpcName",,"大树守卫","ツリーガード","Tree Sentinel","隐匿之地","隠された地","Hinterland"
2051440800,2051440800,"61_51_44",5.079999923706055,162.58999633789062,94.23999786376953,69000,142300,"NpcName","dlc01","罗刹","羅刹","Rakshasa","幽影亚坛","影のアルター","Scadu Altus"
2051450720,2051450800,"61_51_45",-95.16999816894531,472.0199890136719,-5.550000190734863,,,,,,,,,,
2052400800,2052400800,"61_52_40",-69.75,287.3900146484375,-77.81999969482422,68500,905580600,"NpcName","dlc01","尖刺山的飞龙","ギザ山の飛竜","Jagged Peak Drake","尖刺山","ギザ山","Jagged Peak"
2052430800,2052430800,"61_52_43",-68.0999984741211,-512.1599731445312,67.91000366210938,68600,905320000,"NpcName","dlc01","“拷问老者”约里","責問の古老、イオリ","Jori, Elder Inquisitor","谷底森林","奈落の森","Abyssal Woods"
2052480800,2052480800,"61_52_48",39.209999084472656,478.32000732421875,117.0,693001,904680320,"NpcName",,"坠星兽物","降る星の獣","Fallingstar Beast","指岩山丘","指岩の丘","Fingerstone Hill"
2054390800,2054390800,"61_54_39",112.04000091552734,953.8599853515625,26.010000228881836,68500,905120000,"NpcName","dlc01","“狂龙”贝勒","暴竜ベール","Bayle the Dread","尖刺山","ギザ山","Jagged Peak"
2054390850,2054390850,"61_54_39",-72.87999725341797,511.9599914550781,19.440000534057617,68500,905370600,"NpcName","dlc01","“古龙”瑟涅桑克斯","古竜セネサクス","Ancient Dragon Senessax","尖刺山","ギザ山","Jagged Peak"
